source_id,title,summary,metadata,total_words,update_frequency,created_at,updated_at
254224d3a9021912,GitHub - ruvnet,"This collection features core frameworks and libraries designed to build AI-powered applications and intelligent systems. It includes tools for agent discovery and interaction (Agent Name Service), open-source frameworks for multi-cloud intelligent agents (Agile Agents), real-time search with visualization (AgenticsJS), and advanced diffusion-based generative models for code and planning (Agentic Diffusion). Additionally, it provides browser-based AI frameworks for JavaScript/TypeScript (DSPy.ts...","{'tags': [], 'source_type': 'url', 'original_url': 'https://github.com/ruvnet', 'auto_generated': False, 'knowledge_type': 'technical', 'update_frequency': 0}",611229,7,2025-09-05T19:37:48.360398+00:00,2025-09-05T19:37:48.360398+00:00
56cb969b4f4e75d5,GitHub - awslabs/mcp,"The '56cb969b4f4e75d5' project, hosted by AWS Labs, is an open-source infrastructure management platform designed to help automate and streamline cloud resource provisioning and operations. It provides tools to enhance security, including security validation and token-based workflows, and integrates with various AWS services. The framework emphasizes increased test coverage, code quality, and transparency in infrastructure processes, making cloud management more efficient and secure. Overall, it...","{'tags': ['aws-labs', 'mcp-protocol', 'model-context-protocol', 'infrastructure-management', 'cloud-infrastructure', 'aws-services', 'infrastructure-automation', 'cloud-management', 'python-implementation', 'typescript-support', 'nodejs-integration', 'sdk-development', 'api-integration', 'client-libraries', 'server-implementation', 'protocol-implementation', 'devops-tools', 'automation-tools', 'infrastructure-as-code', 'deployment-automation', 'resource-provisioning', 'configuration-management', 'operational-efficiency', 'security-validation', 'token-based-auth', 'access-control', 'security-frameworks', 'compliance-tools', 'security-best-practices', 'authentication-systems', 'developer-tools', 'documentation-tools', 'code-examples', 'best-practices', 'integration-guides', 'setup-documentation', 'troubleshooting-guides', 'test-coverage', 'code-quality', 'performance-optimization', 'reliability', 'scalability', 'monitoring-tools', 'observability', 'open-source', 'community-driven', 'collaborative-development', 'transparency', 'version-control', 'github-integration', 'contribution-guidelines'], 'source_type': 'url', 'original_url': 'https://github.com/awslabs/mcp', 'auto_generated': False, 'knowledge_type': 'technical', 'update_frequency': 0}",349525,7,2025-09-05T04:59:42.185085+00:00,2025-09-05T04:59:42.185085+00:00
65516ba46d606b01,GitHub - ruvnet/claude-flow,"Claude-Flow is an enterprise-grade AI orchestration platform that facilitates advanced AI development workflows through swarm intelligence, neural pattern recognition, and a suite of 87 MCP tools. It features features like truth verification, pair programming, neural network models, and seamless agent coordination, enabling automated, collaborative, and self-organizing AI-driven processes. Designed for robustness and performance, it supports continuous training, real-time output chaining, and in...","{'tags': ['claude-flow', 'ai-orchestration', 'multi-agent-systems', 'swarm-intelligence', 'agent-coordination', 'distributed-ai', 'neural-networks', 'ai-workflows', 'enterprise-ai', 'enterprise-grade', 'production-ready', 'scalable-ai', 'business-intelligence', 'enterprise-workflows', 'corporate-automation', 'neural-pattern-recognition', 'truth-verification', 'pair-programming', 'collaborative-ai', 'self-organizing-systems', 'adaptive-learning', 'cognitive-patterns', '87-mcp-tools', 'real-time-processing', 'output-chaining', 'continuous-training', 'automated-processes', 'intelligent-routing', 'performance-optimization', 'ai-development', 'workflow-automation', 'integration-platform', 'api-framework', 'development-tools', 'programming-assistance', 'code-generation', 'testing-automation', 'high-performance', 'fault-tolerance', 'reliability', 'system-resilience', 'performance-monitoring', 'bottleneck-analysis', 'resource-optimization', 'comprehensive-documentation', 'tutorials', 'best-practices', 'troubleshooting', 'configuration-guides', 'deployment-guides', 'maintenance-procedures'], 'source_type': 'url', 'original_url': 'https://github.com/ruvnet/claude-flow/wiki', 'auto_generated': False, 'knowledge_type': 'technical', 'update_frequency': 0}",888536,7,2025-09-05T12:47:10.960912+00:00,2025-09-05T12:59:26.851108+00:00
8719d04ca6f45535,Flow Nexus Ruv,"Flow Nexus is an open-source, cloud-supported platform for deploying, managing, and competition of autonomous digital agents and swarms using advanced AI models like Claude, ChatGPT, and Gemini. It provides tools for building agent-based solutions for social impact, profit, and large-scale collective intelligence, enabling real-time orchestration, neural training, and secure multi-agent environments. The platform supports algorithmic battles, swarm warfare, agent marketplaces, and community shar...","{'tags': ['developer-tools', 'gaming-platform', 'algorithmic-competition', 'neural-networks', 'autonomous-agents', '```', 'knowledge-sharing', 'artificial-intelligence', 'digital-economy', 'social-impact', 'open-source', 'cloud-computing', 'technical-tutorial'], 'source_type': 'url', 'original_url': 'https://flow-nexus.ruv.io/', 'auto_generated': False, 'knowledge_type': 'technical', 'update_frequency': 0}",1218,7,2025-09-05T20:05:56.272474+00:00,2025-09-05T20:05:56.272474+00:00
92913be64b1ead25,Claudelog,"ClaudeCode is an AI-powered coding tool developed by Anthropic that integrates directly into the terminal, enabling users to perform multi-file edits, manage workflows, and automate development tasks through natural language commands. It is designed to enhance coding productivity by understanding project context, supporting complex architectural decisions, and streamlining interactions with large language models like Claude Opus 4 and Claude Sonnet 4. The framework emphasizes reliability, real-t...","{'tags': [], 'source_type': 'url', 'original_url': 'https://claudelog.com/', 'auto_generated': False, 'knowledge_type': 'technical', 'update_frequency': 0}",40218,7,2025-09-05T13:51:41.828377+00:00,2025-09-05T15:05:49.548565+00:00
99086c67dbbac46c,GitHub - ruvnet/flow-nexus,"Flow Nexus is an AI-powered development platform that offers over 70 MCP (Model Context Protocol) tools for building, deploying, and orchestrating AI agents. It features a gamified environment where users can complete challenges, earn credits, and deploy AI swarms to accelerate software development. The platform aims to transform AI integration into an immersive, fast, and collaborative experience, supporting various operation modes like gamer, store, swarm, and direct tool access. It provides c...","{'tags': [], 'source_type': 'url', 'original_url': 'https://github.com/ruvnet/flow-nexus', 'auto_generated': False, 'knowledge_type': 'technical', 'update_frequency': 0}",137687,7,2025-09-05T15:59:27.477489+00:00,2025-09-05T15:59:27.477489+00:00
a51526d65470cb31,GitHub - pydantic/pydantic-ai,"This content appears to be from the documentation of a project within the Pydantic-AI repository, which focuses on integrations and tools for building and deploying AI and language models. The framework likely provides features for managing AI providers, creating multi-agent applications, and simplifying interactions with large language models such as OpenAI or Google GenAI. It aims to facilitate the development, testing, and deployment of AI-powered solutions with a focus on ease of use, securi...","{'tags': ['pydantic-ai', 'ai-framework', 'python-framework', 'type-safe-ai', 'structured-data', 'data-validation', 'schema-validation', 'model-framework', 'multi-agent-applications', 'agent-orchestration', 'distributed-agents', 'agent-communication', 'collaborative-ai', 'swarm-coordination', 'openai-integration', 'google-genai', 'multiple-llm-providers', 'llm-abstraction', 'ai-provider-management', 'model-switching', 'ai-model-integration', 'python-development', 'async-programming', 'modern-python', 'developer-tools', 'api-development', 'web-frameworks', 'microservices', 'backend-development', 'data-modeling', 'input-validation', 'output-parsing', 'type-checking', 'runtime-validation', 'schema-design', 'data-structures', 'serialization', 'production-deployment', 'scalable-applications', 'containerization', 'cloud-deployment', 'performance-optimization', 'monitoring-integration', 'security-focused', 'input-sanitization', 'safe-execution', 'best-practices', 'error-handling', 'logging-integration', 'debugging-tools', 'testing-support'], 'source_type': 'url', 'original_url': 'https://github.com/pydantic/pydantic-ai/tree/main/docs', 'auto_generated': False, 'knowledge_type': 'technical', 'update_frequency': 0}",303166,7,2025-09-05T04:13:12.862952+00:00,2025-09-05T14:02:08.03451+00:00
b6fba9a8be8b3788,GitHub - hesreallyhim/awesome-claude-code-agents,"This repository offers a curated list of resources and agent files developed using Claude Code's Sub-Agent functionality. Sub Agents are specialized AI assistants designed to handle specific tasks efficiently through customized prompts and tools, enabling more effective problem-solving. Created by Anthropic, these agents leverage the Model Context Protocol (MCP) to facilitate task-specific interactions without extensive server setup. Overall, the framework aims to enhance AI capabilities with mo...","{'tags': ['software-development', 'ai-agents', 'technical-documentation', 'curated-list', 'programming-tools', 'anthropic', 'automation', 'github-repository', 'model-context-protocol', 'medium-complexity', '```', 'sub-agents', 'claude-code'], 'source_type': 'url', 'original_url': 'https://github.com/hesreallyhim/awesome-claude-code-agents', 'auto_generated': False, 'knowledge_type': 'technical', 'update_frequency': 0}",189410,7,2025-09-05T20:45:24.452475+00:00,2025-09-05T20:45:24.452475+00:00
ccbb49fd5eb8b6a3,GitHub - coleam00/Archon,"The documentation is for a project called Archon, a platform designed as an operating system for AI coding assistants. Built with Docusaurus 2, it provides a framework to enhance AI development workflows, including features for automation, security, collaboration, and deployment of AI-powered applications. The platform aims to streamline AI integration and development processes, supporting various use cases, industries, and security needs.","{'tags': ['archon', 'ai-operating-system', 'coding-assistant-platform', 'ai-development-framework', 'integrated-platform', 'comprehensive-solution', 'development-environment', 'ai-powered-workflows', 'intelligent-automation', 'development-acceleration', 'ai-assisted-coding', 'smart-suggestions', 'context-aware-assistance', 'docusaurus-2', 'documentation-platform', 'technical-documentation', 'api-docs', 'user-guides', 'developer-documentation', 'interactive-docs', 'cross-industry', 'versatile-platform', 'scalable-solutions', 'enterprise-ready', 'production-applications', 'business-automation', 'workflow-optimization', 'seamless-integration', 'team-collaboration', 'shared-workflows', 'version-control', 'project-management', 'task-automation', 'collaborative-development', 'security-focused', 'secure-deployment', 'access-control', 'privacy-protection', 'enterprise-security', 'compliance-ready', 'audit-trails', 'development-acceleration', 'productivity-enhancement', 'learning-resources', 'troubleshooting-support', 'community-support', 'extensive-examples'], 'source_type': 'url', 'original_url': 'https://github.com/coleam00/Archon/tree/main/docs', 'auto_generated': False, 'knowledge_type': 'technical', 'update_frequency': 0}",268774,7,2025-09-05T03:54:35.791819+00:00,2025-09-05T04:36:46.023557+00:00
f2490090eaecafe8,Modelcontextprotocol,"The Model Context Protocol (MCP) is an open standard that enables seamless integration between large language models (LLMs) and external data sources, APIs, and tools. It provides a standardized way for applications to supply context to LLMs, facilitating the creation of agents and complex workflows. MCP offers pre-built integrations, custom building options, and SDKs in multiple languages to simplify development and ensure flexibility in connecting AI models with various data environments. Its ...","{'tags': [], 'source_type': 'url', 'original_url': 'https://modelcontextprotocol.io/docs/getting-started/intro', 'auto_generated': False, 'knowledge_type': 'technical', 'update_frequency': 0}",15605,7,2025-09-05T15:58:48.49489+00:00,2025-09-05T15:58:48.49489+00:00
f276af742f2f3e44,GitHub - ruvnet/claude-flow,"The content appears to be documentation related to a complex software project named ""claude-flow"" hosted on GitHub. It includes files for architecture, deployment, development workflows, and API documentation, indicating that it is likely a framework or platform designed for managing and orchestrating AI or machine learning workflows. The presence of directories like ""agents,"" ""swarm,"" and ""training pipeline"" suggests it focuses on AI agent orchestration, possibly with features for deploying, mo...","{'tags': ['claude-flow-docs', 'api-documentation', 'architecture-docs', 'technical-documentation', 'developer-documentation', 'operational-guides', 'reference-material', 'agent-orchestration', 'multi-agent-systems', 'ai-swarm-coordination', 'intelligent-routing', 'agent-collaboration', 'distributed-ai', 'deployment-guides', 'system-deployment', 'containerization', 'docker-compose', 'microservices-deployment', 'production-deployment', 'scalability-guidance', 'development-workflows', 'sparc-methodology', 'tdd-workflows', 'agent-development', 'workflow-automation', 'development-patterns', 'best-practices', 'swarm-coordination', 'coordination-topologies', 'mesh-networking', 'hierarchical-coordination', 'consensus-mechanisms', 'distributed-coordination', 'fault-tolerance', 'training-pipeline', 'neural-patterns', 'pattern-learning', 'performance-optimization', 'cognitive-patterns', 'adaptive-learning', 'model-training', 'monitoring', 'performance-tracking', 'system-health', 'metrics-collection', 'observability', 'real-time-monitoring', 'bottleneck-analysis', 'setup-guides', 'integration-guides', 'code-examples', 'tutorials', 'troubleshooting', 'debugging-guides', 'configuration-management', 'system-administration', 'maintenance-procedures', 'scaling-strategies', 'backup-recovery', 'security-configuration', 'environment-management', 'disaster-recovery', 'fastapi', 'pydantic-ai', 'socket-io', 'postgresql', 'supabase', 'pgvector', 'docker', 'kubernetes', 'react', 'typescript', 'progressive-refinement', 'rag-enhancement', 'knowledge-management', 'vector-search', 'semantic-search', 'context-management', 'memory-management', 'mcp-protocol', 'github-integration', 'claude-integration', 'ai-client-integration', 'api-integration', 'webhook-integration', 'performance-benchmarks', 'optimization-techniques', 'resource-management', 'load-balancing', 'caching-strategies', 'query-optimization', 'microservices-architecture', 'event-driven-architecture', 'layered-architecture', 'separation-of-concerns', 'design-patterns', 'system-design'], 'source_type': 'url', 'original_url': 'https://github.com/ruvnet/claude-flow/tree/main/docs', 'auto_generated': False, 'knowledge_type': 'technical', 'update_frequency': 0}",350260,7,2025-09-05T12:12:19.68348+00:00,2025-09-05T12:12:19.68348+00:00
file_claude-flow-expert-agent_md_e532ca06,Claude Flow Expert Agent Documentation,"Claude Flow is a comprehensive multi-agent AI workflow orchestration framework that facilitates the design, deployment, and management of complex AI agent systems. It offers detailed capabilities for agent coordination, topology configuration, performance optimization, and integration using protocols like MCP, enabling efficient automation across various domains such as web development, machine learning, and DevOps. The framework emphasizes best practices, troubleshooting, and real-world example...","{'tags': ['claude-flow', 'expert-agent', 'configuration', 'ai-consultant', 'sparc'], 'source_type': 'url', 'auto_generated': True, 'knowledge_type': 'technical', 'update_frequency': 7}",838,7,2025-09-05T13:02:25.868711+00:00,2025-09-05T13:02:25.868711+00:00
file_claude-flow-expert-system-summary_md_210ce9ff,Claude Flow Documentation,"The Claude Flow Expert System is an integrated AI-powered consultation tool designed to provide comprehensive guidance on orchestrating multi-agent workflows using Claude Flow. It leverages RAG-enhanced retrieval for accurate and rapid access to extensive documentation, including agent types, methodologies, and best practices. The system offers intelligent query processing, code examples, and expert advice to facilitate setup, configuration, and optimization of Claude Flow-based multi-agent syst...","{'tags': ['claude-flow', 'expert-system', 'integration-complete', 'summary', 'archon'], 'source_type': 'url', 'auto_generated': True, 'knowledge_type': 'technical', 'update_frequency': 7}",833,7,2025-09-05T13:07:44.716214+00:00,2025-09-05T13:07:44.716214+00:00
file_claude-flow-integration-guide_md_49b30f00,Claude Flow Integration Guide Documentation,"Claude Flow is a multi-agent orchestration framework designed to enable the creation and coordination of specialized AI agent swarms to collaboratively solve complex problems. It offers a variety of agent types, swarm topologies, and integrated methodologies like SPARC for structured workflows, along with performance optimizations and neural pattern training. The system supports seamless integration with knowledge bases like Archon, facilitating knowledge sharing, progress tracking, and result m...","{'tags': ['claude-flow', 'integration', 'guide', 'multi-agent', 'sparc'], 'source_type': 'url', 'auto_generated': True, 'knowledge_type': 'technical', 'update_frequency': 7}",826,7,2025-09-05T13:01:49.638941+00:00,2025-09-05T13:01:49.638941+00:00
